[
{
  "model": "admin.logentry",
  "pk": 1,
  "fields": {
    "action_time": "2023-08-18T10:54:25.865Z",
    "user": 1,
    "content_type": 7,
    "object_id": "1",
    "object_repr": "12345 Beispielstadt",
    "action_flag": 2,
    "change_message": "[{\"changed\": {\"name\": \"KAP Checkliste\", \"object\": \"CapChecklist object (1)\", \"fields\": [\"Begr\\u00fcndung zu: Ist im KAP ein Zieljahr der Klimaneutralit\\u00e4t hinterlegt und wurde das vom h\\u00f6chsten kommunalen Gremium beschlossen?\", \"Begr\\u00fcndung zu: Ist ein Trendszenario hinterlegt (wie entwickeln sich die THG-Emissionen, wenn alles so weiterl\\u00e4uft wie bisher)?\", \"Begr\\u00fcndung zu: Gibt es ein gutes Konzept zur Akteur:innenbeteiligung?\", \"Begr\\u00fcndung zu: Gibt es einen Klimabeirat/Klimarat/B\\u00fcrger:innenrat?\"]}}, {\"changed\": {\"name\": \"Verwaltungsstrukturen Checkliste\", \"object\": \"AdministrationChecklist object (2)\", \"fields\": [\"Begr\\u00fcndung zu: Gibt es einen Fachausschuss mit dem Fokus auf Klimaschutz? Ist dieser befugt, Haushaltsentscheidungen zu treffen?\", \"Begr\\u00fcndung zu: Gibt es ein Monitoring von Kimaschutzma\\u00dfnahmen?\", \"Begr\\u00fcndung zu: Gibt es (sektoren\\u00fcbergreifende) Konzepte (siehe Planung und Konzepte bzw. Sektoren\\u00fcbergreifende Konzepte)?\"]}}]"
  }
},
{
  "model": "admin.logentry",
  "pk": 2,
  "fields": {
    "action_time": "2023-08-18T11:01:32.162Z",
    "user": 1,
    "content_type": 7,
    "object_id": "3",
    "object_repr": "99999 Mitallem",
    "action_flag": 2,
    "change_message": "[{\"changed\": {\"name\": \"KAP Checkliste\", \"object\": \"CapChecklist object (2)\", \"fields\": [\"Begr\\u00fcndung zu: Gibt es einen KAP?\", \"Begr\\u00fcndung zu: Ist im KAP ein Zieljahr der Klimaneutralit\\u00e4t hinterlegt und wurde das vom h\\u00f6chsten kommunalen Gremium beschlossen?\", \"Begr\\u00fcndung zu: Bilanziert der KAP in den Sektoren der Klimavision (inkl. LULUCF und Landwirtschaft)?\", \"Begr\\u00fcndung zu: Enth\\u00e4lt der KAP ein Szenario mit dem Ziel Klimaneutralit\\u00e4t bis 2035?\", \"Begr\\u00fcndung zu: Ist ein Trendszenario hinterlegt (wie entwickeln sich die THG-Emissionen, wenn alles so weiterl\\u00e4uft wie bisher)?\", \"Begr\\u00fcndung zu: Sind die j\\u00e4hrlichen Kosten und der j\\u00e4hrliche Personalbedarf der Ma\\u00dfnahmen ausgewiesen?\", \"Begr\\u00fcndung zu: Haben die Ma\\u00dfnahmen eine jahresscharfe Planung?\", \"Begr\\u00fcndung zu: Sind verantwortliche Personen/Fachbereiche/kommunale Gesellschaften f\\u00fcr alle Ma\\u00dfnahmen hinterlegt?\", \"Begr\\u00fcndung zu: Gibt es ein gutes Konzept zur Akteur:innenbeteiligung?\"]}}, {\"changed\": {\"name\": \"Verwaltungsstrukturen Checkliste\", \"object\": \"AdministrationChecklist object (1)\", \"fields\": [\"Begr\\u00fcndung zu: Gibt es ein Klimaschutzmanagement? Ist dieses befugt, Entscheidungen zu treffen? Sind Haushaltsmittel hinterlegt?\", \"Begr\\u00fcndung zu: Gibt es einen Fachausschuss mit dem Fokus auf Klimaschutz? Ist dieser befugt, Haushaltsentscheidungen zu treffen?\", \"Begr\\u00fcndung zu: Gibt es ein Monitoring von Kimaschutzma\\u00dfnahmen?\", \"Begr\\u00fcndung zu: Werden regelm\\u00e4\\u00dfige Klimaschutz- und Energieberichte ver\\u00f6ffentlicht?\", \"Begr\\u00fcndung zu: Vernetzung in der \\u00d6ffentlichkeitsarbeit mit lokalen Akteuren (Handwerk, Sparkasse...)?\"]}}]"
  }
},
{
  "model": "admin.logentry",
  "pk": 3,
  "fields": {
    "action_time": "2023-08-18T11:02:54.031Z",
    "user": 1,
    "content_type": 7,
    "object_id": "1",
    "object_repr": "12345 Beispielstadt",
    "action_flag": 2,
    "change_message": "[{\"changed\": {\"name\": \"KAP Checkliste\", \"object\": \"CapChecklist object (1)\", \"fields\": [\"Begr\\u00fcndung zu: Gibt es einen KAP?\"]}}]"
  }
},
{
  "model": "auth.permission",
  "pk": 1,
  "fields": {
    "name": "Can add log entry",
    "content_type": 1,
    "codename": "add_logentry"
  }
},
{
  "model": "auth.permission",
  "pk": 2,
  "fields": {
    "name": "Can change log entry",
    "content_type": 1,
    "codename": "change_logentry"
  }
},
{
  "model": "auth.permission",
  "pk": 3,
  "fields": {
    "name": "Can delete log entry",
    "content_type": 1,
    "codename": "delete_logentry"
  }
},
{
  "model": "auth.permission",
  "pk": 4,
  "fields": {
    "name": "Can view log entry",
    "content_type": 1,
    "codename": "view_logentry"
  }
},
{
  "model": "auth.permission",
  "pk": 5,
  "fields": {
    "name": "Can add permission",
    "content_type": 2,
    "codename": "add_permission"
  }
},
{
  "model": "auth.permission",
  "pk": 6,
  "fields": {
    "name": "Can change permission",
    "content_type": 2,
    "codename": "change_permission"
  }
},
{
  "model": "auth.permission",
  "pk": 7,
  "fields": {
    "name": "Can delete permission",
    "content_type": 2,
    "codename": "delete_permission"
  }
},
{
  "model": "auth.permission",
  "pk": 8,
  "fields": {
    "name": "Can view permission",
    "content_type": 2,
    "codename": "view_permission"
  }
},
{
  "model": "auth.permission",
  "pk": 9,
  "fields": {
    "name": "Can add group",
    "content_type": 3,
    "codename": "add_group"
  }
},
{
  "model": "auth.permission",
  "pk": 10,
  "fields": {
    "name": "Can change group",
    "content_type": 3,
    "codename": "change_group"
  }
},
{
  "model": "auth.permission",
  "pk": 11,
  "fields": {
    "name": "Can delete group",
    "content_type": 3,
    "codename": "delete_group"
  }
},
{
  "model": "auth.permission",
  "pk": 12,
  "fields": {
    "name": "Can view group",
    "content_type": 3,
    "codename": "view_group"
  }
},
{
  "model": "auth.permission",
  "pk": 13,
  "fields": {
    "name": "Can add user",
    "content_type": 4,
    "codename": "add_user"
  }
},
{
  "model": "auth.permission",
  "pk": 14,
  "fields": {
    "name": "Can change user",
    "content_type": 4,
    "codename": "change_user"
  }
},
{
  "model": "auth.permission",
  "pk": 15,
  "fields": {
    "name": "Can delete user",
    "content_type": 4,
    "codename": "delete_user"
  }
},
{
  "model": "auth.permission",
  "pk": 16,
  "fields": {
    "name": "Can view user",
    "content_type": 4,
    "codename": "view_user"
  }
},
{
  "model": "auth.permission",
  "pk": 17,
  "fields": {
    "name": "Can add content type",
    "content_type": 5,
    "codename": "add_contenttype"
  }
},
{
  "model": "auth.permission",
  "pk": 18,
  "fields": {
    "name": "Can change content type",
    "content_type": 5,
    "codename": "change_contenttype"
  }
},
{
  "model": "auth.permission",
  "pk": 19,
  "fields": {
    "name": "Can delete content type",
    "content_type": 5,
    "codename": "delete_contenttype"
  }
},
{
  "model": "auth.permission",
  "pk": 20,
  "fields": {
    "name": "Can view content type",
    "content_type": 5,
    "codename": "view_contenttype"
  }
},
{
  "model": "auth.permission",
  "pk": 21,
  "fields": {
    "name": "Can add session",
    "content_type": 6,
    "codename": "add_session"
  }
},
{
  "model": "auth.permission",
  "pk": 22,
  "fields": {
    "name": "Can change session",
    "content_type": 6,
    "codename": "change_session"
  }
},
{
  "model": "auth.permission",
  "pk": 23,
  "fields": {
    "name": "Can delete session",
    "content_type": 6,
    "codename": "delete_session"
  }
},
{
  "model": "auth.permission",
  "pk": 24,
  "fields": {
    "name": "Can view session",
    "content_type": 6,
    "codename": "view_session"
  }
},
{
  "model": "auth.permission",
  "pk": 25,
  "fields": {
    "name": "Can add city",
    "content_type": 7,
    "codename": "add_city"
  }
},
{
  "model": "auth.permission",
  "pk": 26,
  "fields": {
    "name": "Can change city",
    "content_type": 7,
    "codename": "change_city"
  }
},
{
  "model": "auth.permission",
  "pk": 27,
  "fields": {
    "name": "Can delete city",
    "content_type": 7,
    "codename": "delete_city"
  }
},
{
  "model": "auth.permission",
  "pk": 28,
  "fields": {
    "name": "Can view city",
    "content_type": 7,
    "codename": "view_city"
  }
},
{
  "model": "auth.permission",
  "pk": 29,
  "fields": {
    "name": "Can add task",
    "content_type": 8,
    "codename": "add_task"
  }
},
{
  "model": "auth.permission",
  "pk": 30,
  "fields": {
    "name": "Can change task",
    "content_type": 8,
    "codename": "change_task"
  }
},
{
  "model": "auth.permission",
  "pk": 31,
  "fields": {
    "name": "Can delete task",
    "content_type": 8,
    "codename": "delete_task"
  }
},
{
  "model": "auth.permission",
  "pk": 32,
  "fields": {
    "name": "Can view task",
    "content_type": 8,
    "codename": "view_task"
  }
},
{
  "model": "auth.permission",
  "pk": 33,
  "fields": {
    "name": "Can add  KPI Graph",
    "content_type": 9,
    "codename": "add_chart"
  }
},
{
  "model": "auth.permission",
  "pk": 34,
  "fields": {
    "name": "Can change  KPI Graph",
    "content_type": 9,
    "codename": "change_chart"
  }
},
{
  "model": "auth.permission",
  "pk": 35,
  "fields": {
    "name": "Can delete  KPI Graph",
    "content_type": 9,
    "codename": "delete_chart"
  }
},
{
  "model": "auth.permission",
  "pk": 36,
  "fields": {
    "name": "Can view  KPI Graph",
    "content_type": 9,
    "codename": "view_chart"
  }
},
{
  "model": "auth.permission",
  "pk": 37,
  "fields": {
    "name": "Can add cap checklist",
    "content_type": 10,
    "codename": "add_capchecklist"
  }
},
{
  "model": "auth.permission",
  "pk": 38,
  "fields": {
    "name": "Can change cap checklist",
    "content_type": 10,
    "codename": "change_capchecklist"
  }
},
{
  "model": "auth.permission",
  "pk": 39,
  "fields": {
    "name": "Can delete cap checklist",
    "content_type": 10,
    "codename": "delete_capchecklist"
  }
},
{
  "model": "auth.permission",
  "pk": 40,
  "fields": {
    "name": "Can view cap checklist",
    "content_type": 10,
    "codename": "view_capchecklist"
  }
},
{
  "model": "auth.permission",
  "pk": 41,
  "fields": {
    "name": "Can add Verwaltungsstrukturen Checkliste",
    "content_type": 11,
    "codename": "add_administrationchecklist"
  }
},
{
  "model": "auth.permission",
  "pk": 42,
  "fields": {
    "name": "Can change Verwaltungsstrukturen Checkliste",
    "content_type": 11,
    "codename": "change_administrationchecklist"
  }
},
{
  "model": "auth.permission",
  "pk": 43,
  "fields": {
    "name": "Can delete Verwaltungsstrukturen Checkliste",
    "content_type": 11,
    "codename": "delete_administrationchecklist"
  }
},
{
  "model": "auth.permission",
  "pk": 44,
  "fields": {
    "name": "Can view Verwaltungsstrukturen Checkliste",
    "content_type": 11,
    "codename": "view_administrationchecklist"
  }
},
{
  "model": "auth.permission",
  "pk": 45,
  "fields": {
    "name": "Can add Lokalgruppe",
    "content_type": 12,
    "codename": "add_localgroup"
  }
},
{
  "model": "auth.permission",
  "pk": 46,
  "fields": {
    "name": "Can change Lokalgruppe",
    "content_type": 12,
    "codename": "change_localgroup"
  }
},
{
  "model": "auth.permission",
  "pk": 47,
  "fields": {
    "name": "Can delete Lokalgruppe",
    "content_type": 12,
    "codename": "delete_localgroup"
  }
},
{
  "model": "auth.permission",
  "pk": 48,
  "fields": {
    "name": "Can view Lokalgruppe",
    "content_type": 12,
    "codename": "view_localgroup"
  }
},
{
  "model": "auth.user",
  "pk": 1,
  "fields": {
    "password": "pbkdf2_sha256$390000$LhtVLCSacVFhgrmY76MEcl$kGjF/lJDI/u2ONODcz+sN+Gc71vgg2pcGMxGrXb+IqM=",
    "last_login": "2023-08-18T10:43:04.436Z",
    "is_superuser": true,
    "username": "admin",
    "first_name": "",
    "last_name": "",
    "email": "",
    "is_staff": true,
    "is_active": true,
    "date_joined": "2023-02-26T18:25:59.346Z",
    "groups": [],
    "user_permissions": []
  }
},
{
  "model": "sessions.session",
  "pk": "mrogoia8luzrgw6m0d0xayfwjqanqd3s",
  "fields": {
    "session_data": ".eJxVjMEOwiAQRP-FsyGFbqF49N5vIMsuSNVAUtqT8d9tkx50jvPezFt43NbstxYXP7O4CiUuv11AesZyAH5guVdJtazLHOShyJM2OVWOr9vp_h1kbHlfu9h3bCgZAyMnSmlgBKsGhQoBVEeWaNQ9sGXHzpBzGnSf9jgMwEZ8vvZWOHg:1qWwwa:RtiNuaBpr1OxcAULFJxzDUR20gZK5MkmZxmWblt3IFo",
    "expire_date": "2023-09-01T10:43:04.436Z"
  }
},
{
  "model": "cpmonitor.city",
  "pk": 1,
  "fields": {
    "draft_mode": false,
    "name": "Beispielstadt",
    "zipcode": "12345",
    "url": "",
    "resolution_date": "2021-03-18",
    "target_year": 2035,
    "teaser": "Teaser. Lorem Ipsum is simply dummy text of the printing and typesetting industry. Lorem Ipsum has been the industry's standard dummy text ever since the 1500s, when an unknown printer took a galley",
    "description": "Beschreibung. Lorem Ipsum is simply dummy text of the printing and typesetting industry. Lorem Ipsum has been the industry's standard dummy text ever since the 1500s, when an unknown printer took a galley of type a",
    "co2e_budget": 0,
    "assessment_administration": "Wie bewertet ihr die **Nachhaltigkeitsarchitektur der Verwaltung**? Dieser Text fasst die wichtigsten Punkte zusammen.",
    "assessment_action_plan": "Hier soll die Bewertung des **Klimaaktionsplans** stehen. Was haltet ihr von dem Plan?",
    "assessment_status": "### Wie sieht es aus? \r\n\r\nEine einleitende Übersicht in die Bewertung des Umsetzungsstandes.\r\nHält die Kommune sich im Wesentlichen an ihren eigenen Plan?",
    "last_update": "2023-08-18",
    "contact_name": "",
    "contact_email": "",
    "internal_information": "Dies ist eine total wichtige interne Info!",
    "slug": "beispielstadt"
  }
},
{
  "model": "cpmonitor.city",
  "pk": 2,
  "fields": {
    "draft_mode": false,
    "name": "Ohnenix",
    "zipcode": "00000",
    "url": "",
    "resolution_date": null,
    "target_year": null,
    "teaser": "Eine Kommune ohne jegliche Infos. Muss ja auch getestet werden.",
    "description": "",
    "co2e_budget": 0,
    "assessment_administration": "",
    "assessment_action_plan": "",
    "assessment_status": "",
    "last_update": "2023-05-03",
    "contact_name": "",
    "contact_email": "",
    "internal_information": "",
    "slug": "ohnenix"
  }
},
{
  "model": "cpmonitor.city",
  "pk": 3,
  "fields": {
    "draft_mode": false,
    "name": "Mitallem",
    "zipcode": "99999",
    "url": "https://mitallem.de/",
    "resolution_date": "2023-05-03",
    "target_year": 2035,
    "teaser": "Diese Kommune hat gaaanz viele Daten.",
    "description": "",
    "co2e_budget": 3,
    "assessment_administration": "Eine fiktive Verwaltung ist schwer zu bewerten, deswegen steht hier nichts Sinnvolles. Und das wiederholt sich jetzt noch ein paar Mal. Eine fiktive Verwaltung ist schwer zu bewerten, deswegen steht hier nichts Sinnvolles. Und das wiederholt sich jetzt noch ein paar Mal. Eine fiktive Verwaltung ist schwer zu bewerten, deswegen steht hier nichts Sinnvolles. Und das wiederholt sich jetzt noch ein paar Mal.\r\n\r\nEine fiktive Verwaltung ist schwer zu bewerten, deswegen steht hier nichts Sinnvolles. Und das wiederholt sich jetzt noch ein paar Mal. Eine fiktive Verwaltung ist schwer zu bewerten, deswegen steht hier nichts Sinnvolles. Und das wiederholt sich jetzt noch ein paar Mal.\r\n\r\nEine fiktive Verwaltung ist schwer zu bewerten, deswegen steht hier nichts Sinnvolles. Und das wiederholt sich jetzt noch ein paar Mal.",
    "assessment_action_plan": "Eine fiktiver Klimaaktionsplan ist schwer zu bewerten, deswegen steht hier nichts Sinnvolles. Und das wiederholt sich jetzt noch ein paar Mal. Eine fiktiver Klimaaktionsplan ist schwer zu bewerten, deswegen steht hier nichts Sinnvolles. Und das wiederholt sich jetzt noch ein paar Mal. Eine fiktiver Klimaaktionsplan ist schwer zu bewerten, deswegen steht hier nichts Sinnvolles. Und das wiederholt sich jetzt noch ein paar Mal. Eine fiktiver Klimaaktionsplan ist schwer zu bewerten, deswegen steht hier nichts Sinnvolles. Und das wiederholt sich jetzt noch ein paar Mal.\r\n\r\nEine fiktiver Klimaaktionsplan ist schwer zu bewerten, deswegen steht hier nichts Sinnvolles. Und das wiederholt sich jetzt noch ein paar Mal.\r\n\r\nEine fiktiver Klimaaktionsplan ist schwer zu bewerten, deswegen steht hier nichts Sinnvolles. Und das wiederholt sich jetzt noch ein paar Mal.\r\nEine fiktiver Klimaaktionsplan ist schwer zu bewerten, deswegen steht hier nichts Sinnvolles. Und das wiederholt sich jetzt noch ein paar Mal.\r\n\r\nEine fiktiver Klimaaktionsplan ist schwer zu bewerten, deswegen steht hier nichts Sinnvolles. Eine fiktiver Klimaaktionsplan ist schwer zu bewerten, deswegen steht hier nichts Sinnvolles. Und das wiederholt sich jetzt noch ein paar Mal. Eine fiktiver Klimaaktionsplan ist schwer zu bewerten, deswegen steht hier nichts Sinnvolles. Und das wiederholt sich jetzt noch ein paar Mal.",
    "assessment_status": "Eine fiktiver Umsetzungsstand ist schwer zu bewerten, deswegen steht hier nichts Sinnvolles. Und das wiederholt sich jetzt noch ein paar Mal. Eine fiktiver Umsetzungsstand ist schwer zu bewerten, deswegen steht hier nichts Sinnvolles. Und das wiederholt sich jetzt noch ein paar Mal.\r\n\r\nEine fiktiver Umsetzungsstand ist schwer zu bewerten, deswegen steht hier nichts Sinnvolles. Und das wiederholt sich jetzt noch ein paar Mal. Eine fiktiver Umsetzungsstand ist schwer zu bewerten, deswegen steht hier nichts Sinnvolles. Und das wiederholt sich jetzt noch ein paar Mal. Eine fiktiver Umsetzungsstand ist schwer zu bewerten, deswegen steht hier nichts Sinnvolles. Und das wiederholt sich jetzt noch ein paar Mal. Eine fiktiver Umsetzungsstand ist schwer zu bewerten, deswegen steht hier nichts Sinnvolles. Und das wiederholt sich jetzt noch ein paar Mal.\r\n\r\nEine fiktiver Umsetzungsstand ist schwer zu bewerten, deswegen steht hier nichts Sinnvolles. Und das wiederholt sich jetzt noch ein paar Mal.",
    "last_update": "2023-08-18",
    "contact_name": "Maxime Musterfrau",
    "contact_email": "maxime@muster.frau",
    "internal_information": "Dies ist eine total wichtige interne Info zu dieser Stadt!\r\n\r\nDies ist eine total wichtige interne Info zu dieser Stadt!\r\n\r\nDies ist eine total wichtige interne Info zu dieser Stadt!",
    "slug": "mitallem"
  }
},
{
  "model": "cpmonitor.capchecklist",
  "pk": 1,
  "fields": {
    "city": 1,
    "cap_exists": true,
    "cap_exists_rationale": "Ist hier abrufbar:  [Link](https://monitoring.localzero.net/)",
    "target_date_exists": true,
    "target_date_exists_rationale": "Das Zieljahr ist 2030.",
    "based_on_remaining_co2_budget": true,
    "based_on_remaining_co2_budget_rationale": "",
    "sectors_of_climate_vision_used": false,
    "sectors_of_climate_vision_used_rationale": "",
    "scenario_for_climate_neutrality_till_2035_exists": false,
    "scenario_for_climate_neutrality_till_2035_exists_rationale": "",
    "scenario_for_business_as_usual_exists": false,
    "scenario_for_business_as_usual_exists_rationale": "Trendszenario ist in Arbeit.",
    "annual_costs_are_specified": false,
    "annual_costs_are_specified_rationale": "",
    "tasks_are_planned_yearly": false,
    "tasks_are_planned_yearly_rationale": "",
    "tasks_have_responsible_entity": false,
    "tasks_have_responsible_entity_rationale": "",
    "annual_reduction_of_emissions_can_be_predicted": false,
    "annual_reduction_of_emissions_can_be_predicted_rationale": "",
    "concept_for_participation_specified": true,
    "concept_for_participation_specified_rationale": "Das Konzept kann hier abgerufen werden: [Link](https://monitoring.localzero.net/)",
    "sustainability_architecture_in_administration_exists": true,
    "sustainability_architecture_in_administration_exists_rationale": "",
    "climate_council_exists": false,
    "climate_council_exists_rationale": "Noch nicht, aber er in Planung."
  }
},
{
  "model": "cpmonitor.capchecklist",
  "pk": 2,
  "fields": {
    "city": 3,
    "cap_exists": true,
    "cap_exists_rationale": "Super!",
    "target_date_exists": true,
    "target_date_exists_rationale": "Zieljahr ist 2030.",
    "based_on_remaining_co2_budget": true,
    "based_on_remaining_co2_budget_rationale": "",
    "sectors_of_climate_vision_used": true,
    "sectors_of_climate_vision_used_rationale": "Der KAP bilanziert darüberhinaus sogar im Sektor XY.",
    "scenario_for_climate_neutrality_till_2035_exists": true,
    "scenario_for_climate_neutrality_till_2035_exists_rationale": "Sogar bis 2030!",
    "scenario_for_business_as_usual_exists": true,
    "scenario_for_business_as_usual_exists_rationale": "Ist hier abrufbar:  [Link](https://monitoring.localzero.net/)",
    "annual_costs_are_specified": true,
    "annual_costs_are_specified_rationale": "Ist hier abrufbar:  [Link](https://monitoring.localzero.net/)",
    "tasks_are_planned_yearly": true,
    "tasks_are_planned_yearly_rationale": "Ist hier abrufbar:  [Link](https://monitoring.localzero.net/)",
    "tasks_have_responsible_entity": true,
    "tasks_have_responsible_entity_rationale": "Ist hier abrufbar:  [Link](https://monitoring.localzero.net/)",
    "annual_reduction_of_emissions_can_be_predicted": true,
    "annual_reduction_of_emissions_can_be_predicted_rationale": "",
    "concept_for_participation_specified": false,
    "concept_for_participation_specified_rationale": "Ist in Arbeit.",
    "sustainability_architecture_in_administration_exists": false,
    "sustainability_architecture_in_administration_exists_rationale": "",
    "climate_council_exists": true,
    "climate_council_exists_rationale": ""
  }
},
{
  "model": "cpmonitor.administrationchecklist",
  "pk": 1,
  "fields": {
    "city": 3,
    "climate_protection_management_exists": true,
    "climate_protection_management_exists_rationale": "Das Klimaschutzmanagement kann hier eingesehen werden:  [Link](https://monitoring.localzero.net/)",
    "climate_technical_committee_exists": true,
    "climate_technical_committee_exists_rationale": "Der Fachausschuss besteht aus den folgenden Personen...",
    "climate_relevance_check_exists": true,
    "climate_relevance_check_exists_rationale": "",
    "interdisciplinary_climate_protection_exists": true,
    "interdisciplinary_climate_protection_exists_rationale": "",
    "climate_protection_monitoring_exists": true,
    "climate_protection_monitoring_exists_rationale": "Ist hier abrufbar:  [Link](https://monitoring.localzero.net/)",
    "intersectoral_concepts_exists": true,
    "intersectoral_concepts_exists_rationale": "",
    "climate_protection_reports_are_continuously_published": true,
    "climate_protection_reports_are_continuously_published_rationale": "Berichte sind hier abrufbar:  [Link](https://monitoring.localzero.net/)",
    "guidelines_for_sustainable_procurement_exists": true,
    "guidelines_for_sustainable_procurement_exists_rationale": "",
    "municipal_office_for_funding_management_exists": true,
    "municipal_office_for_funding_management_exists_rationale": "",
    "public_relation_with_local_actors_exists": true,
    "public_relation_with_local_actors_exists_rationale": "Handwerksbetrieb XY und Sparkasse arbeiten zusammen."
  }
},
{
  "model": "cpmonitor.administrationchecklist",
  "pk": 2,
  "fields": {
    "city": 1,
    "climate_protection_management_exists": true,
    "climate_protection_management_exists_rationale": "",
    "climate_technical_committee_exists": true,
    "climate_technical_committee_exists_rationale": "Fachausschuss-Kontaktperson ist Erika Musterfrau.",
    "climate_relevance_check_exists": true,
    "climate_relevance_check_exists_rationale": "",
    "interdisciplinary_climate_protection_exists": true,
    "interdisciplinary_climate_protection_exists_rationale": "",
    "climate_protection_monitoring_exists": true,
    "climate_protection_monitoring_exists_rationale": "Das Monitoring kann hier eingesehen werden:  [Link](https://monitoring.localzero.net/)",
    "intersectoral_concepts_exists": false,
    "intersectoral_concepts_exists_rationale": "Konzepte wurde angefangen und Ende 2023 fertig.",
    "climate_protection_reports_are_continuously_published": false,
    "climate_protection_reports_are_continuously_published_rationale": "",
    "guidelines_for_sustainable_procurement_exists": false,
    "guidelines_for_sustainable_procurement_exists_rationale": "",
    "municipal_office_for_funding_management_exists": false,
    "municipal_office_for_funding_management_exists_rationale": "",
    "public_relation_with_local_actors_exists": false,
    "public_relation_with_local_actors_exists_rationale": ""
  }
},
{
  "model": "cpmonitor.task",
  "pk": 1,
  "fields": {
    "path": "0002",
    "depth": 1,
    "numchild": 5,
    "city": 1,
    "draft_mode": false,
    "frontpage": false,
    "title": "Mobilität",
    "teaser": "",
    "description": "",
    "planned_start": null,
    "planned_completion": null,
    "responsible_organ": "",
    "responsible_organ_explanation": "",
    "plan_assessment": "",
    "execution_status": 0,
    "execution_justification": "",
    "execution_completion": 0,
    "actual_start": null,
    "actual_completion": null,
    "internal_information": "",
    "slugs": "mobilitat"
  }
},
{
  "model": "cpmonitor.task",
  "pk": 2,
  "fields": {
    "path": "00020003",
    "depth": 2,
    "numchild": 0,
    "city": 1,
    "draft_mode": false,
    "frontpage": false,
    "title": "Radwege ausbauen",
    "teaser": "",
    "description": "## Vorhaben\r\n\r\n* Radspuren mit einer Mindestbreite von 2,30 Metern\r\n* mehr Abstellanlagen für Fahrräder\r\n* optisch hervorgehobene Abschnitte mit Radvorrang \r\n* sicherere Kreuzungen für Radler",
    "planned_start": null,
    "planned_completion": null,
    "responsible_organ": "",
    "responsible_organ_explanation": "",
    "plan_assessment": "",
    "execution_status": 2,
    "execution_justification": "",
    "execution_completion": 0,
    "actual_start": null,
    "actual_completion": null,
    "internal_information": "",
    "slugs": "mobilitat/radwege-ausbauen"
  }
},
{
  "model": "cpmonitor.task",
  "pk": 3,
  "fields": {
    "path": "00020002",
    "depth": 2,
    "numchild": 0,
    "city": 1,
    "draft_mode": false,
    "frontpage": false,
    "title": "U-Bahn Strecke verlängern",
    "teaser": "",
    "description": "",
    "planned_start": null,
    "planned_completion": null,
    "responsible_organ": "",
    "responsible_organ_explanation": "",
    "plan_assessment": "",
    "execution_status": 8,
    "execution_justification": "",
    "execution_completion": 0,
    "actual_start": null,
    "actual_completion": null,
    "internal_information": "",
    "slugs": "mobilitat/u-bahn-strecke-verlangern"
  }
},
{
  "model": "cpmonitor.task",
  "pk": 4,
  "fields": {
    "path": "00020004",
    "depth": 2,
    "numchild": 0,
    "city": 1,
    "draft_mode": false,
    "frontpage": false,
    "title": "Carsharing einführen",
    "teaser": "",
    "description": "",
    "planned_start": null,
    "planned_completion": null,
    "responsible_organ": "",
    "responsible_organ_explanation": "",
    "plan_assessment": "",
    "execution_status": 6,
    "execution_justification": "",
    "execution_completion": null,
    "actual_start": null,
    "actual_completion": null,
    "internal_information": "",
    "slugs": "mobilitat/carsharing-einfuhren"
  }
},
{
  "model": "cpmonitor.task",
  "pk": 5,
  "fields": {
    "path": "00020005",
    "depth": 2,
    "numchild": 0,
    "city": 1,
    "draft_mode": true,
    "frontpage": false,
    "title": "Parkraumbewirtschaftung",
    "teaser": "",
    "description": "",
    "planned_start": null,
    "planned_completion": null,
    "responsible_organ": "",
    "responsible_organ_explanation": "",
    "plan_assessment": "",
    "execution_status": 6,
    "execution_justification": "",
    "execution_completion": null,
    "actual_start": null,
    "actual_completion": null,
    "internal_information": "",
    "slugs": "mobilitat/parkraumbewirtschaftung"
  }
},
{
  "model": "cpmonitor.task",
  "pk": 6,
  "fields": {
    "path": "00020006",
    "depth": 2,
    "numchild": 0,
    "city": 1,
    "draft_mode": true,
    "frontpage": false,
    "title": "Jobtickets für Verwaltung",
    "teaser": "",
    "description": "",
    "planned_start": null,
    "planned_completion": null,
    "responsible_organ": "",
    "responsible_organ_explanation": "",
    "plan_assessment": "",
    "execution_status": 4,
    "execution_justification": "",
    "execution_completion": null,
    "actual_start": null,
    "actual_completion": null,
    "internal_information": "",
    "slugs": "mobilitat/jobtickets-fur-verwaltung"
  }
},
{
  "model": "cpmonitor.task",
  "pk": 7,
  "fields": {
    "path": "0001",
    "depth": 1,
    "numchild": 6,
    "city": 1,
    "draft_mode": true,
    "frontpage": false,
    "title": "Strukturen",
    "teaser": "",
    "description": "",
    "planned_start": null,
    "planned_completion": null,
    "responsible_organ": "",
    "responsible_organ_explanation": "",
    "plan_assessment": "",
    "execution_status": 0,
    "execution_justification": "",
    "execution_completion": null,
    "actual_start": null,
    "actual_completion": null,
    "internal_information": "",
    "slugs": "strukturen"
  }
},
{
  "model": "cpmonitor.task",
  "pk": 8,
  "fields": {
    "path": "00010002",
    "depth": 2,
    "numchild": 0,
    "city": 1,
    "draft_mode": true,
    "frontpage": false,
    "title": "Personal einstellen",
    "teaser": "",
    "description": "",
    "planned_start": null,
    "planned_completion": null,
    "responsible_organ": "",
    "responsible_organ_explanation": "",
    "plan_assessment": "",
    "execution_status": 6,
    "execution_justification": "",
    "execution_completion": null,
    "actual_start": null,
    "actual_completion": null,
    "internal_information": "",
    "slugs": "strukturen/personal-einstellen"
  }
},
{
  "model": "cpmonitor.task",
  "pk": 9,
  "fields": {
    "path": "00010001",
    "depth": 2,
    "numchild": 0,
    "city": 1,
    "draft_mode": true,
    "frontpage": false,
    "title": "Klimaaktionsplan",
    "teaser": "",
    "description": "",
    "planned_start": null,
    "planned_completion": null,
    "responsible_organ": "Stadtrat",
    "responsible_organ_explanation": "Warum hängt es am Stadtrat.",
    "plan_assessment": "",
    "execution_status": 6,
    "execution_justification": "",
    "execution_completion": null,
    "actual_start": null,
    "actual_completion": null,
    "internal_information": "",
    "slugs": "strukturen/klimaaktionsplan"
  }
},
{
  "model": "cpmonitor.task",
  "pk": 10,
  "fields": {
    "path": "00010003",
    "depth": 2,
    "numchild": 2,
    "city": 1,
    "draft_mode": true,
    "frontpage": false,
    "title": "Bürgerbeteiligung",
    "teaser": "",
    "description": "",
    "planned_start": null,
    "planned_completion": null,
    "responsible_organ": "",
    "responsible_organ_explanation": "",
    "plan_assessment": "",
    "execution_status": 6,
    "execution_justification": "",
    "execution_completion": null,
    "actual_start": null,
    "actual_completion": null,
    "internal_information": "",
    "slugs": "strukturen/burgerbeteiligung"
  }
},
{
  "model": "cpmonitor.task",
  "pk": 11,
  "fields": {
    "path": "00010004",
    "depth": 2,
    "numchild": 0,
    "city": 1,
    "draft_mode": true,
    "frontpage": false,
    "title": "Monitoring",
    "teaser": "",
    "description": "",
    "planned_start": null,
    "planned_completion": null,
    "responsible_organ": "",
    "responsible_organ_explanation": "",
    "plan_assessment": "",
    "execution_status": 6,
    "execution_justification": "",
    "execution_completion": null,
    "actual_start": null,
    "actual_completion": null,
    "internal_information": "",
    "slugs": "strukturen/monitoring"
  }
},
{
  "model": "cpmonitor.task",
  "pk": 12,
  "fields": {
    "path": "00010005",
    "depth": 2,
    "numchild": 0,
    "city": 1,
    "draft_mode": true,
    "frontpage": false,
    "title": "European Energy Award",
    "teaser": "",
    "description": "",
    "planned_start": null,
    "planned_completion": null,
    "responsible_organ": "",
    "responsible_organ_explanation": "",
    "plan_assessment": "",
    "execution_status": 2,
    "execution_justification": "",
    "execution_completion": null,
    "actual_start": null,
    "actual_completion": null,
    "internal_information": "",
    "slugs": "strukturen/european-energy-award"
  }
},
{
  "model": "cpmonitor.task",
  "pk": 13,
  "fields": {
    "path": "00010006",
    "depth": 2,
    "numchild": 0,
    "city": 1,
    "draft_mode": true,
    "frontpage": false,
    "title": "Klimarelevanzprüfung",
    "teaser": "",
    "description": "",
    "planned_start": null,
    "planned_completion": null,
    "responsible_organ": "",
    "responsible_organ_explanation": "",
    "plan_assessment": "",
    "execution_status": 0,
    "execution_justification": "",
    "execution_completion": null,
    "actual_start": null,
    "actual_completion": null,
    "internal_information": "",
    "slugs": "strukturen/klimarelevanzprufung"
  }
},
{
  "model": "cpmonitor.task",
  "pk": 14,
  "fields": {
    "path": "000100030001",
    "depth": 3,
    "numchild": 0,
    "city": 1,
    "draft_mode": true,
    "frontpage": false,
    "title": "Beteiligungswerkstatt",
    "teaser": "",
    "description": "",
    "planned_start": null,
    "planned_completion": null,
    "responsible_organ": "",
    "responsible_organ_explanation": "",
    "plan_assessment": "",
    "execution_status": 0,
    "execution_justification": "",
    "execution_completion": null,
    "actual_start": null,
    "actual_completion": null,
    "internal_information": "",
    "slugs": "strukturen/burgerbeteiligung/beteiligungswerkstatt"
  }
},
{
  "model": "cpmonitor.task",
  "pk": 15,
  "fields": {
    "path": "000100030002",
    "depth": 3,
    "numchild": 0,
    "city": 1,
    "draft_mode": true,
    "frontpage": false,
    "title": "Marke schaffen",
    "teaser": "",
    "description": "",
    "planned_start": null,
    "planned_completion": null,
    "responsible_organ": "",
    "responsible_organ_explanation": "",
    "plan_assessment": "",
    "execution_status": 0,
    "execution_justification": "",
    "execution_completion": null,
    "actual_start": null,
    "actual_completion": null,
    "internal_information": "",
    "slugs": "strukturen/burgerbeteiligung/marke-schaffen"
  }
},
{
  "model": "cpmonitor.task",
  "pk": 16,
  "fields": {
    "path": "0003",
    "depth": 1,
    "numchild": 0,
    "city": 1,
    "draft_mode": true,
    "frontpage": true,
    "title": "Umstellung Fernwärme auf Geothermie",
    "teaser": "Der Kurztext der Maßnahme. Lorem Ipsum is simply dummy text of the printing and typesetting industry. Lorem Ipsum has been the industry’s standard dummy text ever since the 1500s, when an unknown printer took a galley of type and scrambled it to make a type specimen book. It has survived not only five centuries,",
    "description": "Die Beschreibung der Maßnahme. Lorem Ipsum is simply dummy text of the printing and typesetting industry. Lorem Ipsum has been the industry’s standard dummy text ever since the 1500s, when an unknown printer took a galley of type and scrambled it to make a type specimen book. It has survived not only five centuries, but also the leap into electronic typesetting, remaining essentially unchanged. It was popularised in the 1960s with the release of Letraset sheets containing Lorem Ipsum is simply dummy text of the printing and typesetting industry. Lorem Ipsum has been the industry’s standard dummy text ever since the 1500s, when an unknown printer took a galley of type and scrambled it to make a type specimen book. It has survived not only five centuries, but also the leap into electronic typesetting, remaining essentially unchanged. It was popularised in the 1960s with the release of Letraset sheets containing Lorem",
    "planned_start": "2023-04-19",
    "planned_completion": "2022-12-31",
    "responsible_organ": "",
    "responsible_organ_explanation": "",
    "plan_assessment": "Die Bewertung der geplanten Maßnahme. Lorem Ipsum is simply dummy text of the printing and typesetting industry. Lorem Ipsum has been the industry’s standard dummy text ever since the 1500s, when an unknown printer took a galley of type and scrambled it to make a type specimen book. It has survived not only five centuries,",
    "execution_status": 2,
    "execution_justification": "",
    "execution_completion": null,
    "actual_start": "2023-04-19",
    "actual_completion": null,
    "internal_information": "",
    "slugs": "umstellung-fernwarme-auf-geothermie"
  }
},
{
  "model": "cpmonitor.task",
  "pk": 17,
  "fields": {
    "path": "0005",
    "depth": 1,
    "numchild": 1,
    "city": 3,
    "draft_mode": true,
    "frontpage": false,
    "title": "Energie",
    "teaser": "",
    "description": "",
    "planned_start": null,
    "planned_completion": null,
    "responsible_organ": "",
    "responsible_organ_explanation": "",
    "plan_assessment": "",
    "execution_status": 0,
    "execution_justification": "",
    "execution_completion": null,
    "actual_start": null,
    "actual_completion": null,
    "internal_information": "",
    "slugs": "energie"
  }
},
{
  "model": "cpmonitor.task",
  "pk": 18,
  "fields": {
    "path": "0006",
    "depth": 1,
    "numchild": 1,
    "city": 3,
    "draft_mode": true,
    "frontpage": false,
    "title": "Mobilität",
    "teaser": "",
    "description": "",
    "planned_start": null,
    "planned_completion": null,
    "responsible_organ": "",
    "responsible_organ_explanation": "",
    "plan_assessment": "",
    "execution_status": 0,
    "execution_justification": "",
    "execution_completion": null,
    "actual_start": null,
    "actual_completion": null,
    "internal_information": "",
    "slugs": "mobilitat"
  }
},
{
  "model": "cpmonitor.task",
  "pk": 19,
  "fields": {
    "path": "0007",
    "depth": 1,
    "numchild": 1,
    "city": 3,
    "draft_mode": true,
    "frontpage": false,
    "title": "Gebäude",
    "teaser": "",
    "description": "",
    "planned_start": null,
    "planned_completion": null,
    "responsible_organ": "",
    "responsible_organ_explanation": "",
    "plan_assessment": "",
    "execution_status": 0,
    "execution_justification": "",
    "execution_completion": null,
    "actual_start": null,
    "actual_completion": null,
    "internal_information": "",
    "slugs": "gebaude"
  }
},
{
  "model": "cpmonitor.task",
  "pk": 20,
  "fields": {
    "path": "0004",
    "depth": 1,
    "numchild": 2,
    "city": 3,
    "draft_mode": true,
    "frontpage": false,
    "title": "Strukturen",
    "teaser": "",
    "description": "",
    "planned_start": null,
    "planned_completion": null,
    "responsible_organ": "",
    "responsible_organ_explanation": "",
    "plan_assessment": "",
    "execution_status": 0,
    "execution_justification": "",
    "execution_completion": null,
    "actual_start": null,
    "actual_completion": null,
    "internal_information": "",
    "slugs": "strukturen"
  }
},
{
  "model": "cpmonitor.task",
  "pk": 21,
  "fields": {
    "path": "0009",
    "depth": 1,
    "numchild": 1,
    "city": 3,
    "draft_mode": true,
    "frontpage": false,
    "title": "Landwirtschaft",
    "teaser": "",
    "description": "",
    "planned_start": null,
    "planned_completion": null,
    "responsible_organ": "",
    "responsible_organ_explanation": "",
    "plan_assessment": "",
    "execution_status": 0,
    "execution_justification": "",
    "execution_completion": null,
    "actual_start": null,
    "actual_completion": null,
    "internal_information": "",
    "slugs": "landwirtschaft"
  }
},
{
  "model": "cpmonitor.task",
  "pk": 22,
  "fields": {
    "path": "00050001",
    "depth": 2,
    "numchild": 0,
    "city": 3,
    "draft_mode": true,
    "frontpage": false,
    "title": "PV auf alle öffentlichen Dächer",
    "teaser": "",
    "description": "",
    "planned_start": null,
    "planned_completion": null,
    "responsible_organ": "",
    "responsible_organ_explanation": "",
    "plan_assessment": "",
    "execution_status": 2,
    "execution_justification": "",
    "execution_completion": null,
    "actual_start": null,
    "actual_completion": null,
    "internal_information": "",
    "slugs": "energie/pv-auf-alle-offentlichen-dacher"
  }
},
{
  "model": "cpmonitor.task",
  "pk": 23,
  "fields": {
    "path": "00070001",
    "depth": 2,
    "numchild": 0,
    "city": 3,
    "draft_mode": true,
    "frontpage": false,
    "title": "Sanierungsprogramm: Dämmung",
    "teaser": "",
    "description": "",
    "planned_start": null,
    "planned_completion": null,
    "responsible_organ": "",
    "responsible_organ_explanation": "",
    "plan_assessment": "",
    "execution_status": 0,
    "execution_justification": "",
    "execution_completion": null,
    "actual_start": null,
    "actual_completion": null,
    "internal_information": "",
    "slugs": "gebaude/sanierungsprogramm-dammung"
  }
},
{
  "model": "cpmonitor.task",
  "pk": 24,
  "fields": {
    "path": "00060001",
    "depth": 2,
    "numchild": 0,
    "city": 3,
    "draft_mode": true,
    "frontpage": false,
    "title": "Ladesäulen flächendeckend",
    "teaser": "",
    "description": "",
    "planned_start": null,
    "planned_completion": null,
    "responsible_organ": "",
    "responsible_organ_explanation": "",
    "plan_assessment": "",
    "execution_status": 4,
    "execution_justification": "",
    "execution_completion": null,
    "actual_start": null,
    "actual_completion": null,
    "internal_information": "",
    "slugs": "mobilitat/ladesaulen-flachendeckend"
  }
},
{
  "model": "cpmonitor.task",
  "pk": 25,
  "fields": {
    "path": "00090001",
    "depth": 2,
    "numchild": 0,
    "city": 3,
    "draft_mode": true,
    "frontpage": false,
    "title": "Förderung Ökologischer Landbau",
    "teaser": "",
    "description": "",
    "planned_start": null,
    "planned_completion": null,
    "responsible_organ": "",
    "responsible_organ_explanation": "",
    "plan_assessment": "",
    "execution_status": 6,
    "execution_justification": "",
    "execution_completion": null,
    "actual_start": null,
    "actual_completion": null,
    "internal_information": "",
    "slugs": "landwirtschaft/forderung-okologischer-landbau"
  }
},
{
  "model": "cpmonitor.task",
  "pk": 26,
  "fields": {
    "path": "00040002",
    "depth": 2,
    "numchild": 0,
    "city": 3,
    "draft_mode": true,
    "frontpage": false,
    "title": "Zukunftswerkstatt",
    "teaser": "",
    "description": "",
    "planned_start": null,
    "planned_completion": null,
    "responsible_organ": "",
    "responsible_organ_explanation": "",
    "plan_assessment": "",
    "execution_status": 8,
    "execution_justification": "",
    "execution_completion": null,
    "actual_start": null,
    "actual_completion": null,
    "internal_information": "",
    "slugs": "strukturen/zukunftswerkstatt"
  }
},
{
  "model": "cpmonitor.task",
  "pk": 27,
  "fields": {
    "path": "00040001",
    "depth": 2,
    "numchild": 0,
    "city": 3,
    "draft_mode": true,
    "frontpage": false,
    "title": "Expertenrat",
    "teaser": "",
    "description": "",
    "planned_start": null,
    "planned_completion": null,
    "responsible_organ": "",
    "responsible_organ_explanation": "",
    "plan_assessment": "",
    "execution_status": 2,
    "execution_justification": "",
    "execution_completion": null,
    "actual_start": null,
    "actual_completion": null,
    "internal_information": "",
    "slugs": "strukturen/expertenrat"
  }
},
{
  "model": "cpmonitor.chart",
  "pk": 1,
  "fields": {
    "city": 1,
    "image": "uploads/2023/05/03/3202552975_cdafe46620_o.jpg",
    "alt_description": "Graph: Weltbevölkerung und CO2-Emissionen",
    "source": "Matt Lemmon",
    "license": "CC BY-SA 2.0",
    "caption": "Dies ist nur ein **Beispiel** KPI Graph, weil es sich hier ja auch nur um eine Beispielkommune handelt. Wurde [hier](https://openverse.org/image/f6a4ca33-b1fc-488d-9f2a-dd6ef9f1426f) gefunden.",
    "internal_information": "Dies ist eine total wichtige interne Info!"
  }
},
{
  "model": "cpmonitor.chart",
  "pk": 2,
  "fields": {
    "city": 1,
    "image": "uploads/2023/05/03/52563572761_b724d0fd88_o.jpg",
    "alt_description": "Graph: Benötigte Leistung (in Anzahl Pferden) in Abhängigkeit von der Steigung",
    "source": "Seattle Municipal Archives",
    "license": "CC BY 2.0",
    "caption": "Und dieses schöne Bild habe ich [hier](https://openverse.org/image/c5aaa76a-dd8f-4cd0-8b5d-30d874a747ff) gefunden.",
    "internal_information": "Dies ist eine total wichtige interne Info!"
  }
},
{
  "model": "cpmonitor.chart",
  "pk": 3,
  "fields": {
    "city": 3,
    "image": "uploads/2023/05/03/3202552975_cdafe46620_o.jpg",
    "alt_description": "Graph: Weltbevölkerung und CO2-Emissionen",
    "source": "Matt Lemmon",
    "license": "CC BY-SA 2.0",
    "caption": "Dies ist nur ein **Beispiel** KPI Graph, weil es sich hier ja auch nur um eine Beispielkommune handelt. Wurde [hier](https://openverse.org/image/f6a4ca33-b1fc-488d-9f2a-dd6ef9f1426f) gefunden.",
    "internal_information": "Dies ist eine total wichtige interne Info zu CO2-Emissionen!\r\n\r\nDies ist eine total wichtige interne Info zu CO2-Emissionen!\r\n\r\nDies ist eine total wichtige interne Info zu CO2-Emissionen!"
  }
},
{
  "model": "cpmonitor.chart",
  "pk": 4,
  "fields": {
    "city": 3,
    "image": "uploads/2023/05/03/52563572761_b724d0fd88_o.jpg",
    "alt_description": "Graph: Benötigte Leistung (in Anzahl Pferden) in Abhängigkeit von der Steigung",
    "source": "Seattle Municipal Archives",
    "license": "CC BY 2.0",
    "caption": "Und dieses schöne Bild habe ich [hier](https://openverse.org/image/c5aaa76a-dd8f-4cd0-8b5d-30d874a747ff) gefunden.",
    "internal_information": "Dies ist eine total wichtige interne Info zu Pferden!\r\n\r\nDies ist eine total wichtige interne Info zu Pferden!\r\n\r\nDies ist eine total wichtige interne Info zu Pferden!"
  }
},
{
  "model": "cpmonitor.localgroup",
  "pk": 1,
  "fields": {
    "city": 1,
    "name": "BeispielLos",
    "website": "https://www.beispiel-los.de",
    "teaser": "Eine beispiellos gute Initiative für eine klimaneutrale Zukunft in unserer Stadt.",
    "description": "Wenn Du mitmachen willst, wendest du Dich am besten an Maxi Mustermensch unter maxi@beispiel-los.de.\r\n\r\nUnser Monitoring basiert auf öffentlich zugänglichen Informationen aus dem lokalen BeispielBlatt, dere Website der Stadtverwaltung, dem Klimaaktionsplan, dem Ratsinformationssystem und dem Marktstammdatenregister. Und wir haben auch mit dem Bürgermeister gesprochen. Weitergehende Informationen zum Monitoring bekommst Du bei Dina Durchblick unter dina@beispiel-los.de.",
    "featured_image": "uploads/local_groups/Fotos-alle-1024x683_SEEJ1JR.jpeg"
  }
}
]
